agency,display_name,fiscal_year,period_month,period_label,obligations,appropriations,pct_obligated
DOE_SC,DOE (Office of Science),2016,2,Nov,815625000.0,5350200000.0,15.24475720533812
DOE_SC,DOE (Office of Science),2016,4,Jan,2700946000.0,5350200000.0,50.483084744495535
DOE_SC,DOE (Office of Science),2016,5,Feb,3316649000.0,5350200000.0,61.991121827221406
DOE_SC,DOE (Office of Science),2016,7,Apr,3685858000.0,5350200000.0,68.89196665545214
DOE_SC,DOE (Office of Science),2016,8,May,4615520000.0,5350200000.0,86.26817689058353
DOE_SC,DOE (Office of Science),2016,10,Jul,5371285000.0,5350200000.0,100.39409741691901
DOE_SC,DOE (Office of Science),2016,11,Aug,5798287000.0,5350200000.0,108.37514485439796
DOE_SC,DOE (Office of Science),2017,2,Nov,836409917.3299999,5392000000.0,15.512053362945103
DOE_SC,DOE (Office of Science),2017,4,Jan,2496034313.1899996,5392000000.0,46.291437559161714
DOE_SC,DOE (Office of Science),2017,5,Feb,2590413258.64,5392000000.0,48.04178892136498
DOE_SC,DOE (Office of Science),2017,7,Apr,2845077961.5299997,5392000000.0,52.7647989897997
DOE_SC,DOE (Office of Science),2017,8,May,3332497799.1400003,5392000000.0,61.80448440541544
DOE_SC,DOE (Office of Science),2017,10,Jul,5022165365.63,5392000000.0,93.14104906583827
DOE_SC,DOE (Office of Science),2017,11,Aug,5491588081.5199995,5392000000.0,101.84695996884273
DOE_SC,DOE (Office of Science),2018,2,Nov,795341113.9399999,6259903000.0,12.705326487327358
DOE_SC,DOE (Office of Science),2018,3,Dec (Q1),962817657.0,6259903000.0,15.380712081321388
DOE_SC,DOE (Office of Science),2018,4,Jan,1360988549.19,6259903000.0,21.741368024232965
DOE_SC,DOE (Office of Science),2018,5,Feb,2062527641.52,6259903000.0,32.94823644264137
DOE_SC,DOE (Office of Science),2018,6,Mar (Q2),2181486368.87,6259903000.0,34.84856504757342
DOE_SC,DOE (Office of Science),2018,7,Apr,2679017357.5699997,6259903000.0,42.79646757417806
DOE_SC,DOE (Office of Science),2018,8,May,3285473566.67,6259903000.0,52.48441655837159
DOE_SC,DOE (Office of Science),2018,9,Jun (Q3),5069673101.07,6259903000.0,80.98644820966075
DOE_SC,DOE (Office of Science),2018,10,Jul,5744234924.23,6259903000.0,91.76236315850261
DOE_SC,DOE (Office of Science),2018,11,Aug,6237918292.55,6259903000.0,99.64880114835645
DOE_SC,DOE (Office of Science),2018,12,Sep (Q4),6971108783.89,6259903000.0,111.3612908041866
DOE_SC,DOE (Office of Science),2019,2,Nov,923299108.58,6585000000.0,14.021246903264997
DOE_SC,DOE (Office of Science),2019,3,Dec (Q1),1428935471.5000002,6585000000.0,21.699855299924074
DOE_SC,DOE (Office of Science),2019,6,Mar (Q2),4243732395.0,6585000000.0,64.44544259681093
DOE_SC,DOE (Office of Science),2019,7,Apr,5316685771.08,6585000000.0,80.73934352437358
DOE_SC,DOE (Office of Science),2019,8,May,5529537345.610001,6585000000.0,83.97171367668945
DOE_SC,DOE (Office of Science),2019,9,Jun (Q3),5744497638.61,6585000000.0,87.23610688853455
DOE_SC,DOE (Office of Science),2019,10,Jul,6224792056.139999,6585000000.0,94.5298717712984
DOE_SC,DOE (Office of Science),2019,11,Aug,6673293833.9800005,6585000000.0,101.34083271040244
DOE_SC,DOE (Office of Science),2019,12,Sep (Q4),7341442672.639999,6585000000.0,111.4873602526955
DOE_SC,DOE (Office of Science),2020,2,Nov,805350677.11,7099500000.0,11.34376614000986
DOE_SC,DOE (Office of Science),2020,3,Dec (Q1),1280502035.29,7099500000.0,18.036510110430314
DOE_SC,DOE (Office of Science),2020,4,Jan,1809931878.8300002,7099500000.0,25.493793630959928
DOE_SC,DOE (Office of Science),2020,5,Feb,2280457161.4700003,7099500000.0,32.121377019085855
DOE_SC,DOE (Office of Science),2020,6,Mar (Q2),4261923824.48,7099500000.0,60.031323677442074
DOE_SC,DOE (Office of Science),2020,7,Apr,5629749471.39,7099500000.0,79.29783043017115
DOE_SC,DOE (Office of Science),2020,8,May,5757104322.66,7099500000.0,81.09168705768012
DOE_SC,DOE (Office of Science),2020,9,Jun (Q3),6072238521.960001,7099500000.0,85.53050950010565
DOE_SC,DOE (Office of Science),2020,10,Jul,6570423040.339999,7099500000.0,92.54768702500175
DOE_SC,DOE (Office of Science),2020,11,Aug,7034088589.38,7099500000.0,99.07864764251005
DOE_SC,DOE (Office of Science),2020,12,Sep (Q4),7833855516.82,7099500000.0,110.34376388224523
DOE_SC,DOE (Office of Science),2021,2,Nov,969713017.26,7026000000.0,13.801779351836037
DOE_SC,DOE (Office of Science),2021,3,Dec (Q1),1278876074.94,7026000000.0,18.202050596925705
DOE_SC,DOE (Office of Science),2021,4,Jan,1815451709.73,7026000000.0,25.839050807429548
DOE_SC,DOE (Office of Science),2021,5,Feb,2361054256.7200003,7026000000.0,33.604529699971536
DOE_SC,DOE (Office of Science),2021,6,Mar (Q2),4641554085.97,7026000000.0,66.06254036393396
DOE_SC,DOE (Office of Science),2021,7,Apr,5499178200.25,7026000000.0,78.26897523840023
DOE_SC,DOE (Office of Science),2021,8,May,5759116866.110001,7026000000.0,81.96864312709936
DOE_SC,DOE (Office of Science),2021,9,Jun (Q3),5987287225.16,7026000000.0,85.21615748875605
DOE_SC,DOE (Office of Science),2021,10,Jul,6581153928.67,7026000000.0,93.66857285325932
DOE_SC,DOE (Office of Science),2021,11,Aug,7075310945.82,7026000000.0,100.70183526643895
DOE_SC,DOE (Office of Science),2021,12,Sep (Q4),7841885448.2300005,7026000000.0,111.612374725733
DOE_SC,DOE (Office of Science),2022,2,Nov,940064502.15,9025000000.0,10.416227170637118
DOE_SC,DOE (Office of Science),2022,3,Dec (Q1),2036367314.5300002,9025000000.0,22.563626753795017
DOE_SC,DOE (Office of Science),2022,4,Jan,2306582577.47,9025000000.0,25.557701689418284
DOE_SC,DOE (Office of Science),2022,5,Feb,2433181007.3300004,9025000000.0,26.960454374847647
DOE_SC,DOE (Office of Science),2022,6,Mar (Q2),2755314171.44,9025000000.0,30.529796913462604
DOE_SC,DOE (Office of Science),2022,7,Apr,3694244531.91,9025000000.0,40.93345741728532
DOE_SC,DOE (Office of Science),2022,8,May,5071143350.690001,9025000000.0,56.18995402426593
DOE_SC,DOE (Office of Science),2022,9,Jun (Q3),6059440014.64,9025000000.0,67.14060958049862
DOE_SC,DOE (Office of Science),2022,10,Jul,6590839215.75,9025000000.0,73.02868937119113
DOE_SC,DOE (Office of Science),2022,11,Aug,7220299481.31,9025000000.0,80.00331835246539
DOE_SC,DOE (Office of Science),2022,12,Sep (Q4),9516127813.82,9025000000.0,105.44185943290859
DOE_SC,DOE (Office of Science),2023,2,Nov,1353962858.8,8100000000.0,16.715590849382718
DOE_SC,DOE (Office of Science),2023,3,Dec (Q1),1496821164.3200002,8100000000.0,18.47927363358025
DOE_SC,DOE (Office of Science),2023,4,Jan,2329051417.34,8100000000.0,28.7537212017284
DOE_SC,DOE (Office of Science),2023,5,Feb,3075858246.61,8100000000.0,37.97355860012346
DOE_SC,DOE (Office of Science),2023,6,Mar (Q2),5166096788.470001,8100000000.0,63.778972697160505
DOE_SC,DOE (Office of Science),2023,7,Apr,6100861585.48,8100000000.0,75.31927883308641
DOE_SC,DOE (Office of Science),2023,8,May,6439488310.94,8100000000.0,79.49985569061728
DOE_SC,DOE (Office of Science),2023,9,Jun (Q3),6734802615.3,8100000000.0,83.1457113
DOE_SC,DOE (Office of Science),2023,10,Jul,7372062846.47,8100000000.0,91.01312156135802
DOE_SC,DOE (Office of Science),2023,11,Aug,8068488169.540001,8100000000.0,99.6109650560494
DOE_SC,DOE (Office of Science),2023,12,Sep (Q4),9157395974.19,8100000000.0,113.0542712862963
DOE_SC,DOE (Office of Science),2024,2,Nov,1123055113.69,8338000000.0,13.469118657831617
DOE_SC,DOE (Office of Science),2024,3,Dec (Q1),2295310247.8500004,8338000000.0,27.528307122211565
DOE_SC,DOE (Office of Science),2024,4,Jan,2427244795.98,8338000000.0,29.110635595826338
DOE_SC,DOE (Office of Science),2024,5,Feb,3156657730.07,8338000000.0,37.85869189337971
DOE_SC,DOE (Office of Science),2024,6,Mar (Q2),3728968740.49,8338000000.0,44.72258024094507
DOE_SC,DOE (Office of Science),2024,7,Apr,4523000615.11,8338000000.0,54.24562982861597
DOE_SC,DOE (Office of Science),2024,8,May,6026209795.380001,8338000000.0,72.27404407987528
DOE_SC,DOE (Office of Science),2024,9,Jun (Q3),6843791634.91,8338000000.0,82.0795350792756
DOE_SC,DOE (Office of Science),2024,10,Jul,7522586194.399999,8338000000.0,90.22051084672582
DOE_SC,DOE (Office of Science),2024,11,Aug,8138542153.26,8338000000.0,97.60784544567042
DOE_SC,DOE (Office of Science),2024,12,Sep (Q4),9281774024.73,8338000000.0,111.31894968493643
DOE_SC,DOE (Office of Science),2025,2,Nov,1475415235.4900002,8390000000.0,17.58540209165674
DOE_SC,DOE (Office of Science),2025,3,Dec (Q1),2510586140.36,8390000000.0,29.923553520381407
DOE_SC,DOE (Office of Science),2025,4,Jan,4370161596.87,8390000000.0,52.08774251334922
DOE_SC,DOE (Office of Science),2025,5,Feb,4568045924.62,8390000000.0,54.44631614564959
DOE_SC,DOE (Office of Science),2025,6,Mar (Q2),4732509523.17,8390000000.0,56.4065497398093
DOE_SC,DOE (Office of Science),2025,7,Apr,5381853540.14,8390000000.0,64.14604934612635
DOE_SC,DOE (Office of Science),2025,8,May,5978911962.67,8390000000.0,71.26235950738975
DOE_SC,DOE (Office of Science),2025,9,Jun (Q3),7022325232.45,8390000000.0,83.6987512806913
DOE_SC,DOE (Office of Science),2025,10,Jul,7858143682.889999,8390000000.0,93.66083054696065
DOE_SC,DOE (Office of Science),2025,11,Aug,8609298496.319998,8390000000.0,102.613808061025
DOE_SC,DOE (Office of Science),2025,12,Sep (Q4),9951162966.909998,8390000000.0,118.60742511215732
DOE_SC,DOE (Office of Science),2026,2,Nov,1963518002.0600002,8250000000.0,23.800218206787882
DOE_SC,DOE (Office of Science),2026,3,Dec (Q1),2370792000.3399997,8250000000.0,28.736872731393937
DOE_SC,DOE (Office of Science),2026,4,Jan,2488489809.1200004,8250000000.0,30.163512837818185
NASA_SCI,NASA (Science),2016,2,Nov,634738000.0,5589400000.0,11.356102622821771
NASA_SCI,NASA (Science),2016,4,Jan,1267621000.0,5589400000.0,22.67901742584177
NASA_SCI,NASA (Science),2016,5,Feb,1790503000.0,5589400000.0,32.033903460120946
NASA_SCI,NASA (Science),2016,7,Apr,3291833000.0,5589400000.0,58.894210469817864
NASA_SCI,NASA (Science),2016,8,May,3699182000.0,5589400000.0,66.18209467921423
NASA_SCI,NASA (Science),2016,10,Jul,4662419000.0,5589400000.0,83.41537553225749
NASA_SCI,NASA (Science),2016,11,Aug,5081317000.0,5589400000.0,90.90988299280781
NASA_SCI,NASA (Science),2017,2,Nov,656713061.04,5764900000.0,11.39157766899686
NASA_SCI,NASA (Science),2017,4,Jan,1726825314.41,5764900000.0,29.954124345782233
NASA_SCI,NASA (Science),2017,5,Feb,2071405483.6499999,5764900000.0,35.93133417145137
NASA_SCI,NASA (Science),2017,7,Apr,2736396280.25,5764900000.0,47.46650037728322
NASA_SCI,NASA (Science),2017,8,May,3107752355.52,5764900000.0,53.90817456538708
NASA_SCI,NASA (Science),2017,10,Jul,4571775087.2300005,5764900000.0,79.30363210515361
NASA_SCI,NASA (Science),2017,11,Aug,5167498809.65,5764900000.0,89.63726707575152
NASA_SCI,NASA (Science),2018,2,Nov,713871422.6800001,6221500000.0,11.47426541316403
NASA_SCI,NASA (Science),2018,3,Dec (Q1),1021924725.81,6221500000.0,16.425696790323876
NASA_SCI,NASA (Science),2018,4,Jan,1420463993.01,6221500000.0,22.831535690910552
NASA_SCI,NASA (Science),2018,5,Feb,1875405851.86,6221500000.0,30.143950041951296
NASA_SCI,NASA (Science),2018,6,Mar (Q2),2282103069.59,6221500000.0,36.68091408165234
NASA_SCI,NASA (Science),2018,7,Apr,2839138677.25,6221500000.0,45.634311295507516
NASA_SCI,NASA (Science),2018,8,May,3912853483.8199997,6221500000.0,62.89244529164992
NASA_SCI,NASA (Science),2018,9,Jun (Q3),4458335828.809999,6221500000.0,71.66014351539017
NASA_SCI,NASA (Science),2018,10,Jul,4942980416.7300005,6221500000.0,79.44997856995903
NASA_SCI,NASA (Science),2018,11,Aug,5386012177.59,6221500000.0,86.5709584117978
NASA_SCI,NASA (Science),2018,12,Sep (Q4),6140343110.780001,6221500000.0,98.69554144145305
NASA_SCI,NASA (Science),2019,2,Nov,747793340.84,6905700000.0,10.828639252211941
NASA_SCI,NASA (Science),2019,3,Dec (Q1),1141109821.29,6905700000.0,16.524173093097005
NASA_SCI,NASA (Science),2019,6,Mar (Q2),3044576508.56,6905700000.0,44.08787680553745
NASA_SCI,NASA (Science),2019,7,Apr,3914656329.0,6905700000.0,56.68732103914158
NASA_SCI,NASA (Science),2019,8,May,4474595875.059999,6905700000.0,64.79568870729976
NASA_SCI,NASA (Science),2019,9,Jun (Q3),4973453255.0199995,6905700000.0,72.01953828026123
NASA_SCI,NASA (Science),2019,10,Jul,5364873835.9800005,6905700000.0,77.68761799643772
NASA_SCI,NASA (Science),2019,11,Aug,5910419221.33,6905700000.0,85.5875468284171
NASA_SCI,NASA (Science),2019,12,Sep (Q4),6576118697.13,6905700000.0,95.22740195968548
NASA_SCI,NASA (Science),2020,2,Nov,773647973.85,7138900000.0,10.837075373657006
NASA_SCI,NASA (Science),2020,3,Dec (Q1),1300943300.6599998,7138900000.0,18.223301918502848
NASA_SCI,NASA (Science),2020,4,Jan,1803783900.0400002,7138900000.0,25.266972503326844
NASA_SCI,NASA (Science),2020,5,Feb,3251819164.34,7138900000.0,45.55070339043831
NASA_SCI,NASA (Science),2020,6,Mar (Q2),3893661021.61,7138900000.0,54.5414702770735
NASA_SCI,NASA (Science),2020,7,Apr,4407919514.58,7138900000.0,61.74507997842805
NASA_SCI,NASA (Science),2020,8,May,4822559989.5,7138900000.0,67.55326436145624
NASA_SCI,NASA (Science),2020,9,Jun (Q3),5369474205.110001,7138900000.0,75.21430759794927
NASA_SCI,NASA (Science),2020,10,Jul,5835115788.650001,7138900000.0,81.73690328552019
NASA_SCI,NASA (Science),2020,11,Aug,6487568709.35,7138900000.0,90.87630740520248
NASA_SCI,NASA (Science),2020,12,Sep (Q4),7270516724.950001,7138900000.0,101.84365553446611
NASA_SCI,NASA (Science),2021,2,Nov,680332275.78,7301000000.0,9.31834373072182
NASA_SCI,NASA (Science),2021,3,Dec (Q1),1184796834.3500001,7301000000.0,16.227870625256816
NASA_SCI,NASA (Science),2021,4,Jan,1516561823.67,7301000000.0,20.771974026434737
NASA_SCI,NASA (Science),2021,5,Feb,2650235488.01,7301000000.0,36.299623175044516
NASA_SCI,NASA (Science),2021,6,Mar (Q2),3375968730.2599998,7301000000.0,46.23981276893576
NASA_SCI,NASA (Science),2021,7,Apr,3862065408.04,7301000000.0,52.89775932118887
NASA_SCI,NASA (Science),2021,8,May,4371710177.47,7301000000.0,59.87823828886454
NASA_SCI,NASA (Science),2021,9,Jun (Q3),4921571154.940001,7301000000.0,67.40954875962197
NASA_SCI,NASA (Science),2021,10,Jul,5519374447.23,7301000000.0,75.59751331639501
NASA_SCI,NASA (Science),2021,11,Aug,6126553619.29,7301000000.0,83.91389699068621
NASA_SCI,NASA (Science),2021,12,Sep (Q4),7098599098.82,7301000000.0,97.22776467360636
NASA_SCI,NASA (Science),2022,2,Nov,839550051.8900001,7614400000.0,11.025820181366885
NASA_SCI,NASA (Science),2022,3,Dec (Q1),1407367272.78,7614400000.0,18.482970066978357
NASA_SCI,NASA (Science),2022,4,Jan,1936261481.27,7614400000.0,25.428943597263082
NASA_SCI,NASA (Science),2022,5,Feb,2303557059.27,7614400000.0,30.252640513632066
NASA_SCI,NASA (Science),2022,6,Mar (Q2),2780250627.69,7614400000.0,36.51306245652973
NASA_SCI,NASA (Science),2022,7,Apr,3809755582.62,7614400000.0,50.033562495009456
NASA_SCI,NASA (Science),2022,8,May,4525171684.55,7614400000.0,59.42913012909751
NASA_SCI,NASA (Science),2022,9,Jun (Q3),5149402575.469999,7614400000.0,67.62716137148036
NASA_SCI,NASA (Science),2022,10,Jul,6027745654.48,7614400000.0,79.16245081004412
NASA_SCI,NASA (Science),2022,11,Aug,6649300979.03,7614400000.0,87.32534380949254
NASA_SCI,NASA (Science),2022,12,Sep (Q4),7800753242.36,7614400000.0,102.44737920729143
NASA_SCI,NASA (Science),2023,2,Nov,785348910.3,7795000000.0,10.075034128287363
NASA_SCI,NASA (Science),2023,3,Dec (Q1),1296555941.35,7795000000.0,16.633174359846052
NASA_SCI,NASA (Science),2023,4,Jan,1763746393.32,7795000000.0,22.626637502501605
NASA_SCI,NASA (Science),2023,5,Feb,2604370816.5699997,7795000000.0,33.4107866141116
NASA_SCI,NASA (Science),2023,6,Mar (Q2),3542213167.5299997,7795000000.0,45.44211889069916
NASA_SCI,NASA (Science),2023,7,Apr,4187085923.27,7795000000.0,53.71502146593971
NASA_SCI,NASA (Science),2023,8,May,4921778528.53,7795000000.0,63.14019921141757
NASA_SCI,NASA (Science),2023,9,Jun (Q3),5639798505.940001,7795000000.0,72.35148820962156
NASA_SCI,NASA (Science),2023,10,Jul,6175553952.049999,7795000000.0,79.22455358627325
NASA_SCI,NASA (Science),2023,11,Aug,6915591912.73,7795000000.0,88.7183054872354
NASA_SCI,NASA (Science),2023,12,Sep (Q4),7911631018.66,7795000000.0,101.4962285908916
NASA_SCI,NASA (Science),2024,2,Nov,750507244.14,7334200000.0,10.23298034059611
NASA_SCI,NASA (Science),2024,3,Dec (Q1),1369364160.61,7334200000.0,18.670941078917945
NASA_SCI,NASA (Science),2024,4,Jan,1787848359.04,7334200000.0,24.376869447792533
NASA_SCI,NASA (Science),2024,5,Feb,2443809251.17,7334200000.0,33.32073370197159
NASA_SCI,NASA (Science),2024,6,Mar (Q2),2868262081.1699996,7334200000.0,39.10804288361375
NASA_SCI,NASA (Science),2024,7,Apr,3723660782.09,7334200000.0,50.77119225123394
NASA_SCI,NASA (Science),2024,8,May,4210577671.6400003,7334200000.0,57.410183409778845
NASA_SCI,NASA (Science),2024,9,Jun (Q3),4938961900.219999,7334200000.0,67.34152191404651
NASA_SCI,NASA (Science),2024,10,Jul,5598125349.41,7334200000.0,76.32905224032615
NASA_SCI,NASA (Science),2024,11,Aug,6439408330.4,7334200000.0,87.79973726377791
NASA_SCI,NASA (Science),2024,12,Sep (Q4),7250528182.87,7334200000.0,98.85915550257697
NASA_SCI,NASA (Science),2025,2,Nov,1014746049.74,7334200000.0,13.835810991519185
NASA_SCI,NASA (Science),2025,3,Dec (Q1),1458794795.41,7334200000.0,19.89030562856208
NASA_SCI,NASA (Science),2025,4,Jan,2127593662.67,7334200000.0,29.00921249311445
NASA_SCI,NASA (Science),2025,5,Feb,2581957456.64,7334200000.0,35.20435025824221
NASA_SCI,NASA (Science),2025,6,Mar (Q2),3161051127.37,7334200000.0,43.10014899198276
NASA_SCI,NASA (Science),2025,7,Apr,3676126377.85,7334200000.0,50.12307242575878
NASA_SCI,NASA (Science),2025,8,May,4146220401.02,7334200000.0,56.5326879689673
NASA_SCI,NASA (Science),2025,9,Jun (Q3),4839814618.47,7334200000.0,65.98967329047477
NASA_SCI,NASA (Science),2025,10,Jul,5549352978.190001,7334200000.0,75.6640530417769
NASA_SCI,NASA (Science),2025,11,Aug,6364559405.66,7334200000.0,86.77919071827874
NASA_SCI,NASA (Science),2025,12,Sep (Q4),7595214107.12,7334200000.0,103.5588626860462
NASA_SCI,NASA (Science),2026,2,Nov,511601635.03,7250000000.0,7.056574276275862
NASA_SCI,NASA (Science),2026,3,Dec (Q1),986107642.6,7250000000.0,13.60148472551724
NASA_SCI,NASA (Science),2026,4,Jan,1434418904.5,7250000000.0,19.785088337931032
NIH,NIH (Institutes + OD),2016,2,Nov,2007062000.0,31389886000.0,6.393976709568171
NIH,NIH (Institutes + OD),2016,4,Jan,4724141000.0,31389886000.0,15.049882627799285
NIH,NIH (Institutes + OD),2016,5,Feb,6810380000.0,31389886000.0,21.696096634438238
NIH,NIH (Institutes + OD),2016,7,Apr,13740786000.0,31389886000.0,43.77456483913322
NIH,NIH (Institutes + OD),2016,8,May,17090171000.0,31389886000.0,54.444832963076074
NIH,NIH (Institutes + OD),2016,10,Jul,24720916000.0,31389886000.0,78.75439878946996
NIH,NIH (Institutes + OD),2016,11,Aug,28961426000.0,31389886000.0,92.26355903299553
NIH,NIH (Institutes + OD),2017,2,Nov,2126937435.8300002,33345443000.0,6.3784950640181926
NIH,NIH (Institutes + OD),2017,4,Jan,5775188689.49,33345443000.0,17.31927414936428
NIH,NIH (Institutes + OD),2017,5,Feb,7774588242.44,33345443000.0,23.315294513976017
NIH,NIH (Institutes + OD),2017,7,Apr,13814008129.14,33345443000.0,41.4269743818968
NIH,NIH (Institutes + OD),2017,8,May,16719082487.499996,33345443000.0,50.13903245339999
NIH,NIH (Institutes + OD),2017,10,Jul,25633575494.75,33345443000.0,76.8727993649687
NIH,NIH (Institutes + OD),2017,11,Aug,30186266343.32,33345443000.0,90.52591187143622
NIH,NIH (Institutes + OD),2018,2,Nov,2233862826.8399997,36309615000.0,6.152262498073856
NIH,NIH (Institutes + OD),2018,3,Dec (Q1),4281880384.58,36309615000.0,11.79269013064446
NIH,NIH (Institutes + OD),2018,4,Jan,6225623970.04,36309615000.0,17.145937708345297
NIH,NIH (Institutes + OD),2018,5,Feb,8199448915.9,36309615000.0,22.58203210334232
NIH,NIH (Institutes + OD),2018,6,Mar (Q2),11181734522.13,36309615000.0,30.795519374496255
NIH,NIH (Institutes + OD),2018,7,Apr,14450459672.0,36309615000.0,39.797887341961626
NIH,NIH (Institutes + OD),2018,8,May,18033888782.02,36309615000.0,49.666978793413264
NIH,NIH (Institutes + OD),2018,9,Jun (Q3),22754067515.84,36309615000.0,62.66678265754126
NIH,NIH (Institutes + OD),2018,10,Jul,27047305916.16,36309615000.0,74.49075380215405
NIH,NIH (Institutes + OD),2018,11,Aug,32168664371.100002,36309615000.0,88.59544330365388
NIH,NIH (Institutes + OD),2018,12,Sep (Q4),37441441242.12,36309615000.0,103.1171529693168
NIH,NIH (Institutes + OD),2019,2,Nov,3100687599.6700006,37954579000.0,8.169469090066842
NIH,NIH (Institutes + OD),2019,3,Dec (Q1),4828501259.0199995,37954579000.0,12.721788480436047
NIH,NIH (Institutes + OD),2019,6,Mar (Q2),13094746315.03,37954579000.0,34.50109752246231
NIH,NIH (Institutes + OD),2019,7,Apr,17013155221.28,37954579000.0,44.82504000710955
NIH,NIH (Institutes + OD),2019,8,May,20812165298.699997,37954579000.0,54.83439902916588
NIH,NIH (Institutes + OD),2019,9,Jun (Q3),24727020911.61,37954579000.0,65.14897955161089
NIH,NIH (Institutes + OD),2019,10,Jul,29599868268.43,37954579000.0,77.98760794693574
NIH,NIH (Institutes + OD),2019,11,Aug,35185321583.049995,37954579000.0,92.70375936207854
NIH,NIH (Institutes + OD),2019,12,Sep (Q4),40412505959.630005,37954579000.0,106.47596949930602
NIH,NIH (Institutes + OD),2020,2,Nov,2773184602.38,42027979000.0,6.598424831182104
NIH,NIH (Institutes + OD),2020,3,Dec (Q1),4487819734.33,42027979000.0,10.678171639730762
NIH,NIH (Institutes + OD),2020,4,Jan,6689944808.05,42027979000.0,15.917836087359804
NIH,NIH (Institutes + OD),2020,5,Feb,9463558759.150002,42027979000.0,22.517282496857632
NIH,NIH (Institutes + OD),2020,6,Mar (Q2),13585981424.41,42027979000.0,32.32604028951761
NIH,NIH (Institutes + OD),2020,7,Apr,18091984060.09,42027979000.0,43.047475730607935
NIH,NIH (Institutes + OD),2020,8,May,22063441328.16,42027979000.0,52.49703138987483
NIH,NIH (Institutes + OD),2020,9,Jun (Q3),27037070030.84,42027979000.0,64.33112101545497
NIH,NIH (Institutes + OD),2020,10,Jul,32583245484.18,42027979000.0,77.52750967202111
NIH,NIH (Institutes + OD),2020,11,Aug,38482273220.7,42027979000.0,91.56346352200279
NIH,NIH (Institutes + OD),2020,12,Sep (Q4),43966375295.880005,42027979000.0,104.612156810776
NIH,NIH (Institutes + OD),2021,2,Nov,3025507077.96,42706395000.0,7.084435663464453
NIH,NIH (Institutes + OD),2021,3,Dec (Q1),5134937009.72,42706395000.0,12.023812849855391
NIH,NIH (Institutes + OD),2021,4,Jan,7170817073.72,42706395000.0,16.790967895370237
NIH,NIH (Institutes + OD),2021,5,Feb,10103334338.67,42706395000.0,23.65766143143199
NIH,NIH (Institutes + OD),2021,6,Mar (Q2),14386562334.879997,42706395000.0,33.68713827257018
NIH,NIH (Institutes + OD),2021,7,Apr,19681387778.7,42706395000.0,46.08534103311694
NIH,NIH (Institutes + OD),2021,8,May,23486105384.63,42706395000.0,54.99435244915897
NIH,NIH (Institutes + OD),2021,9,Jun (Q3),28278187830.32,42706395000.0,66.21534744461573
NIH,NIH (Institutes + OD),2021,10,Jul,33291002659.14,42706395000.0,77.95320269748828
NIH,NIH (Institutes + OD),2021,11,Aug,39252267791.63,42706395000.0,91.911920431659
NIH,NIH (Institutes + OD),2021,12,Sep (Q4),44383645764.26001,42706395000.0,103.92739954814732
NIH,NIH (Institutes + OD),2022,2,Nov,3274767950.9900002,43629227000.0,7.5059041293351365
NIH,NIH (Institutes + OD),2022,3,Dec (Q1),5355732369.38,43629227000.0,12.275560988921487
NIH,NIH (Institutes + OD),2022,4,Jan,7972313629.46,43629227000.0,18.272873891302268
NIH,NIH (Institutes + OD),2022,5,Feb,10336655606.949999,43629227000.0,23.692043883679165
NIH,NIH (Institutes + OD),2022,6,Mar (Q2),13704800158.57,43629227000.0,31.41197105914803
NIH,NIH (Institutes + OD),2022,7,Apr,17721833876.460003,43629227000.0,40.61917914901404
NIH,NIH (Institutes + OD),2022,8,May,22805239192.14,43629227000.0,52.27055522239713
NIH,NIH (Institutes + OD),2022,9,Jun (Q3),28125075782.030003,43629227000.0,64.46384159414514
NIH,NIH (Institutes + OD),2022,10,Jul,33364397794.88,43629227000.0,76.47258521192686
NIH,NIH (Institutes + OD),2022,11,Aug,40576617148.89001,43629227000.0,93.00329146076783
NIH,NIH (Institutes + OD),2022,12,Sep (Q4),46417397826.23,43629227000.0,106.3906033133019
NIH,NIH (Institutes + OD),2023,2,Nov,3640535252.1099997,45944453000.0,7.923775373079313
NIH,NIH (Institutes + OD),2023,3,Dec (Q1),5640392565.900001,45944453000.0,12.27654743413748
NIH,NIH (Institutes + OD),2023,4,Jan,8322962977.76,45944453000.0,18.115272757214022
NIH,NIH (Institutes + OD),2023,5,Feb,11241299445.550001,45944453000.0,24.467152640929257
NIH,NIH (Institutes + OD),2023,6,Mar (Q2),16223723456.35,45944453000.0,35.311604333062796
NIH,NIH (Institutes + OD),2023,7,Apr,20743355923.190002,45944453000.0,45.14877111104142
NIH,NIH (Institutes + OD),2023,8,May,25604372849.400005,45944453000.0,55.72897526802638
NIH,NIH (Institutes + OD),2023,9,Jun (Q3),30643782015.840004,45944453000.0,66.69745750556658
NIH,NIH (Institutes + OD),2023,10,Jul,36124873170.78999,45944453000.0,78.62727883775217
NIH,NIH (Institutes + OD),2023,11,Aug,43959359451.05,45944453000.0,95.67936188303298
NIH,NIH (Institutes + OD),2023,12,Sep (Q4),50035477062.3,45944453000.0,108.90428287893646
NIH,NIH (Institutes + OD),2024,2,Nov,3382489498.49,47081385424.0,7.1843457197114615
NIH,NIH (Institutes + OD),2024,3,Dec (Q1),5290365463.940001,47081385424.0,11.236639313598463
NIH,NIH (Institutes + OD),2024,4,Jan,8147191084.68,47081385424.0,17.304484588354793
NIH,NIH (Institutes + OD),2024,5,Feb,10984854857.929998,47081385424.0,23.331630450132014
NIH,NIH (Institutes + OD),2024,6,Mar (Q2),14488758689.070002,47081385424.0,30.77385798779888
NIH,NIH (Institutes + OD),2024,7,Apr,18254057517.69,47081385424.0,38.771283710748435
NIH,NIH (Institutes + OD),2024,8,May,24156219275.76,47081385424.0,51.30736714354678
NIH,NIH (Institutes + OD),2024,9,Jun (Q3),29799523036.599995,47081385424.0,63.29364093310967
NIH,NIH (Institutes + OD),2024,10,Jul,36546296292.049995,47081385424.0,77.62366371109444
NIH,NIH (Institutes + OD),2024,11,Aug,44234839950.13,47081385424.0,93.95398956883932
NIH,NIH (Institutes + OD),2024,12,Sep (Q4),49801034007.799995,47081385424.0,105.77648376169839
NIH,NIH (Institutes + OD),2025,2,Nov,3554994016.5700006,46724725960.0,7.608378526635666
NIH,NIH (Institutes + OD),2025,3,Dec (Q1),5780097126.3,46724725960.0,12.370531891932792
NIH,NIH (Institutes + OD),2025,4,Jan,8694417342.71,46724725960.0,18.60774389592589
NIH,NIH (Institutes + OD),2025,5,Feb,10454138177.61,46724725960.0,22.373888691309944
NIH,NIH (Institutes + OD),2025,6,Mar (Q2),13402710605.67,46724725960.0,28.684407089179643
NIH,NIH (Institutes + OD),2025,7,Apr,17042123987.330002,46724725960.0,36.47345947393974
NIH,NIH (Institutes + OD),2025,8,May,20767328575.25,46724725960.0,44.44612172370673
NIH,NIH (Institutes + OD),2025,9,Jun (Q3),24856289574.71,46724725960.0,53.197293433007864
NIH,NIH (Institutes + OD),2025,10,Jul,31842595212.629997,46724725960.0,68.14934610828908
NIH,NIH (Institutes + OD),2025,11,Aug,41114623564.4,46724725960.0,87.99328989023353
NIH,NIH (Institutes + OD),2025,12,Sep (Q4),48760745806.18001,46724725960.0,104.35747841073054
NIH,NIH (Institutes + OD),2026,2,Nov,1774482335.0700002,46752777205.0,3.7954586682397706
NIH,NIH (Institutes + OD),2026,3,Dec (Q1),3731199185.5899997,46752777205.0,7.98070063138616
NIH,NIH (Institutes + OD),2026,4,Jan,6507835931.630001,46752777205.0,13.919677761803673
NSF,NSF (R&RA + EDU),2016,2,Nov,288942000.0,6913645000.0,4.179300499230146
NSF,NSF (R&RA + EDU),2016,4,Jan,612011000.0,6913645000.0,8.852219053769755
NSF,NSF (R&RA + EDU),2016,5,Feb,1026547000.0,6913645000.0,14.848130038496334
NSF,NSF (R&RA + EDU),2016,7,Apr,1957059000.0,6913645000.0,28.307195408500146
NSF,NSF (R&RA + EDU),2016,8,May,2463944000.0,6913645000.0,35.63885620392716
NSF,NSF (R&RA + EDU),2016,10,Jul,4209407000.0,6913645000.0,60.885495277816545
NSF,NSF (R&RA + EDU),2016,11,Aug,5796595000.0,6913645000.0,83.84282097215
NSF,NSF (R&RA + EDU),2017,2,Nov,210009046.62,6913645000.0,3.037602402495355
NSF,NSF (R&RA + EDU),2017,4,Jan,647817405.73,6913645000.0,9.370128285875252
NSF,NSF (R&RA + EDU),2017,5,Feb,951306764.14,6913645000.0,13.75984396277217
NSF,NSF (R&RA + EDU),2017,7,Apr,1642621521.56,6913645000.0,23.759124478621622
NSF,NSF (R&RA + EDU),2017,8,May,2094945478.2599998,6913645000.0,30.301606146395997
NSF,NSF (R&RA + EDU),2017,10,Jul,4780369625.04,6913645000.0,69.14398446897404
NSF,NSF (R&RA + EDU),2017,11,Aug,6167981745.82,6913645000.0,89.21461466158588
NSF,NSF (R&RA + EDU),2018,2,Nov,126415836.94000003,7252776000.0,1.742999327981452
NSF,NSF (R&RA + EDU),2018,3,Dec (Q1),345927320.69,7252776000.0,4.769585062188602
NSF,NSF (R&RA + EDU),2018,4,Jan,541553368.68,7252776000.0,7.466842608678387
NSF,NSF (R&RA + EDU),2018,5,Feb,811559032.8599999,7252776000.0,11.18963322264468
NSF,NSF (R&RA + EDU),2018,6,Mar (Q2),1192939212.94,7252776000.0,16.448036075290347
NSF,NSF (R&RA + EDU),2018,7,Apr,1476957669.95,7252776000.0,20.36403261247831
NSF,NSF (R&RA + EDU),2018,8,May,1936033436.63,7252776000.0,26.693688549460237
NSF,NSF (R&RA + EDU),2018,9,Jun (Q3),2687920256.2000003,7252776000.0,37.0605717893397
NSF,NSF (R&RA + EDU),2018,10,Jul,3967994505.7,7252776000.0,54.71001042497383
NSF,NSF (R&RA + EDU),2018,11,Aug,6207358713.830001,7252776000.0,85.5859703075071
NSF,NSF (R&RA + EDU),2018,12,Sep (Q4),7365891645.1,7252776000.0,101.55961862189045
NSF,NSF (R&RA + EDU),2019,2,Nov,201913620.28,7430000000.0,2.7175453604306865
NSF,NSF (R&RA + EDU),2019,3,Dec (Q1),347961757.71,7430000000.0,4.683199969179004
NSF,NSF (R&RA + EDU),2019,6,Mar (Q2),1540531981.4599998,7430000000.0,20.733943222880214
NSF,NSF (R&RA + EDU),2019,7,Apr,1885473722.2799997,7430000000.0,25.376496935127857
NSF,NSF (R&RA + EDU),2019,8,May,2293361965.45,7430000000.0,30.86624448788694
NSF,NSF (R&RA + EDU),2019,9,Jun (Q3),3074317555.3500004,7430000000.0,41.377086882234195
NSF,NSF (R&RA + EDU),2019,10,Jul,4597848823.830001,7430000000.0,61.88221835572006
NSF,NSF (R&RA + EDU),2019,11,Aug,6553799429.57,7430000000.0,88.20726015572005
NSF,NSF (R&RA + EDU),2019,12,Sep (Q4),7613699385.42,7430000000.0,102.47240088048453
NSF,NSF (R&RA + EDU),2020,2,Nov,310894667.8400001,7752200000.0,4.010405663424577
NSF,NSF (R&RA + EDU),2020,3,Dec (Q1),538636425.02,7752200000.0,6.948175034441835
NSF,NSF (R&RA + EDU),2020,4,Jan,755306064.2099999,7752200000.0,9.74311891088981
NSF,NSF (R&RA + EDU),2020,5,Feb,1059504198.6399999,7752200000.0,13.667142213049196
NSF,NSF (R&RA + EDU),2020,6,Mar (Q2),1698324923.4700003,7752200000.0,21.90765103415805
NSF,NSF (R&RA + EDU),2020,7,Apr,2279368039.09,7752200000.0,29.402853887799594
NSF,NSF (R&RA + EDU),2020,8,May,2804241859.52,7752200000.0,36.17349732359846
NSF,NSF (R&RA + EDU),2020,9,Jun (Q3),3665542030.1,7752200000.0,47.28389399267305
NSF,NSF (R&RA + EDU),2020,10,Jul,5105545077.55,7752200000.0,65.8593054558706
NSF,NSF (R&RA + EDU),2020,11,Aug,6930388780.92,7752200000.0,89.39899358788473
NSF,NSF (R&RA + EDU),2020,12,Sep (Q4),7855949915.37,7752200000.0,101.33832867276386
NSF,NSF (R&RA + EDU),2021,2,Nov,231291969.59,8405769000.0,2.7515860784420796
NSF,NSF (R&RA + EDU),2021,3,Dec (Q1),450623604.22999996,8405769000.0,5.360884937832576
NSF,NSF (R&RA + EDU),2021,4,Jan,641874122.2800001,8405769000.0,7.636114224409452
NSF,NSF (R&RA + EDU),2021,5,Feb,980518596.75,8405769000.0,11.664829199446238
NSF,NSF (R&RA + EDU),2021,6,Mar (Q2),1512373767.31,8405769000.0,17.99209289846057
NSF,NSF (R&RA + EDU),2021,7,Apr,2105343093.8200002,8405769000.0,25.046406745414966
NSF,NSF (R&RA + EDU),2021,8,May,2650200246.38,8405769000.0,31.528349712917404
NSF,NSF (R&RA + EDU),2021,9,Jun (Q3),3366285009.04,8405769000.0,40.04731761056008
NSF,NSF (R&RA + EDU),2021,10,Jul,4930237899.5,8405769000.0,58.65302626684126
NSF,NSF (R&RA + EDU),2021,11,Aug,7275398915.84,8405769000.0,86.55244886981787
NSF,NSF (R&RA + EDU),2021,12,Sep (Q4),8179157461.65,8405769000.0,97.30409510004378
NSF,NSF (R&RA + EDU),2022,2,Nov,236075119.39,8165400000.0,2.891164173096235
NSF,NSF (R&RA + EDU),2022,3,Dec (Q1),695682875.1999999,8165400000.0,8.519887270678716
NSF,NSF (R&RA + EDU),2022,4,Jan,1044257499.1300001,8165400000.0,12.788810090503835
NSF,NSF (R&RA + EDU),2022,5,Feb,1471395070.2199998,8165400000.0,18.019877412251695
NSF,NSF (R&RA + EDU),2022,6,Mar (Q2),1809556951.5600002,8165400000.0,22.161277482548318
NSF,NSF (R&RA + EDU),2022,7,Apr,2245919884.11,8165400000.0,27.505325937614817
NSF,NSF (R&RA + EDU),2022,8,May,2666459635.86,8165400000.0,32.65559110221177
NSF,NSF (R&RA + EDU),2022,9,Jun (Q3),3686169844.46,8165400000.0,45.143775497342446
NSF,NSF (R&RA + EDU),2022,10,Jul,5133999826.15,8165400000.0,62.8750560431822
NSF,NSF (R&RA + EDU),2022,11,Aug,7764094386.3,8165400000.0,95.08529142846646
NSF,NSF (R&RA + EDU),2022,12,Sep (Q4),8524220368.139999,8165400000.0,104.3944003740172
NSF,NSF (R&RA + EDU),2023,2,Nov,200599544.45,9212798000.0,2.1774008770191204
NSF,NSF (R&RA + EDU),2023,3,Dec (Q1),573919645.63,9212798000.0,6.229591114773166
NSF,NSF (R&RA + EDU),2023,4,Jan,857071237.4100001,9212798000.0,9.303050358968036
NSF,NSF (R&RA + EDU),2023,5,Feb,1101125135.89,9212798000.0,11.952125031830722
NSF,NSF (R&RA + EDU),2023,6,Mar (Q2),1629656929.8099997,9212798000.0,17.68905526648907
NSF,NSF (R&RA + EDU),2023,7,Apr,2130980115.02,9212798000.0,23.13065059084113
NSF,NSF (R&RA + EDU),2023,8,May,2877176041.67,9212798000.0,31.230208690888478
NSF,NSF (R&RA + EDU),2023,9,Jun (Q3),3666591495.6099997,9212798000.0,39.79889166798186
NSF,NSF (R&RA + EDU),2023,10,Jul,5369041983.01,9212798000.0,58.27808210936569
NSF,NSF (R&RA + EDU),2023,11,Aug,7209212371.01,9212798000.0,78.25214848963367
NSF,NSF (R&RA + EDU),2023,12,Sep (Q4),8946464218.24,9212798000.0,97.10908909801344
NSF,NSF (R&RA + EDU),2024,2,Nov,274477989.5,8348500000.0,3.2877521650595916
NSF,NSF (R&RA + EDU),2024,3,Dec (Q1),641942821.9199998,8348500000.0,7.689319301910522
NSF,NSF (R&RA + EDU),2024,4,Jan,1176046871.6200001,8348500000.0,14.08692425729173
NSF,NSF (R&RA + EDU),2024,5,Feb,1406721315.77,8348500000.0,16.84998880960652
NSF,NSF (R&RA + EDU),2024,6,Mar (Q2),1924458225.5400002,8348500000.0,23.05154489477152
NSF,NSF (R&RA + EDU),2024,7,Apr,2370069252.2899995,8348500000.0,28.38916275127268
NSF,NSF (R&RA + EDU),2024,8,May,2827446526.4500003,8348500000.0,33.86771906869498
NSF,NSF (R&RA + EDU),2024,9,Jun (Q3),3641806881.2100005,8348500000.0,43.6222900067078
NSF,NSF (R&RA + EDU),2024,10,Jul,5308436219.650001,8348500000.0,63.5855090094029
NSF,NSF (R&RA + EDU),2024,11,Aug,7695204611.860001,8348500000.0,92.17469739306463
NSF,NSF (R&RA + EDU),2024,12,Sep (Q4),8753632139.31,8348500000.0,104.85275366005868
NSF,NSF (R&RA + EDU),2025,2,Nov,197890213.42999998,8348500000.0,2.3703684905072766
NSF,NSF (R&RA + EDU),2025,3,Dec (Q1),626475194.11,8348500000.0,7.504044967479189
NSF,NSF (R&RA + EDU),2025,4,Jan,798588855.02,8348500000.0,9.56565676492783
NSF,NSF (R&RA + EDU),2025,5,Feb,1214662768.5300002,8348500000.0,14.549473181170272
NSF,NSF (R&RA + EDU),2025,6,Mar (Q2),1561122503.5700002,8348500000.0,18.699437067377374
NSF,NSF (R&RA + EDU),2025,7,Apr,1808617880.4599998,8348500000.0,21.663986110798344
NSF,NSF (R&RA + EDU),2025,8,May,2110543296.3600001,8348500000.0,25.28050902988561
NSF,NSF (R&RA + EDU),2025,9,Jun (Q3),2864330953.0200005,8348500000.0,34.30952809510691
NSF,NSF (R&RA + EDU),2025,10,Jul,4619957844.7,8348500000.0,55.33877756123854
NSF,NSF (R&RA + EDU),2025,11,Aug,7433068652.46,8348500000.0,89.0347805289573
NSF,NSF (R&RA + EDU),2025,12,Sep (Q4),8657276843.03,8348500000.0,103.69859068132001
NSF,NSF (R&RA + EDU),2026,2,Nov,8514261.39,8114750000.0,0.10492327416124958
NSF,NSF (R&RA + EDU),2026,3,Dec (Q1),220158404.12,8114750000.0,2.7130645321174405
NSF,NSF (R&RA + EDU),2026,4,Jan,346864743.84000003,8114750000.0,4.2744969819156475
USDA_RD,USDA (ARS + NIFA),2016,2,Nov,181226000.0,1994410000.0,9.086697319006623
USDA_RD,USDA (ARS + NIFA),2016,4,Jan,438214000.0,1994410000.0,21.97211205318866
USDA_RD,USDA (ARS + NIFA),2016,5,Feb,677658000.0,1994410000.0,33.97786814145537
USDA_RD,USDA (ARS + NIFA),2016,7,Apr,1066604000.0,1994410000.0,53.47967569356351
USDA_RD,USDA (ARS + NIFA),2016,8,May,1384986000.0,1994410000.0,69.44339428703226
USDA_RD,USDA (ARS + NIFA),2016,10,Jul,1574778000.0,1994410000.0,78.95959205980716
USDA_RD,USDA (ARS + NIFA),2016,11,Aug,1783521000.0,1994410000.0,89.42599565786374
USDA_RD,USDA (ARS + NIFA),2017,2,Nov,170473087.96,2055753000.0,8.292488833045605
USDA_RD,USDA (ARS + NIFA),2017,4,Jan,431338672.86,2055753000.0,20.982028135675833
USDA_RD,USDA (ARS + NIFA),2017,5,Feb,536348613.12,2055753000.0,26.090129170187275
USDA_RD,USDA (ARS + NIFA),2017,7,Apr,883495287.24,2055753000.0,42.97672372313211
USDA_RD,USDA (ARS + NIFA),2017,8,May,1085055110.48,2055753000.0,52.78139496719694
USDA_RD,USDA (ARS + NIFA),2017,10,Jul,1405627673.24,2055753000.0,68.37531907967542
USDA_RD,USDA (ARS + NIFA),2017,11,Aug,1828961220.4899998,2055753000.0,88.96794607572018
USDA_RD,USDA (ARS + NIFA),2018,2,Nov,174673456.95,2132937000.0,8.189339720301161
USDA_RD,USDA (ARS + NIFA),2018,3,Dec (Q1),278353286.19,2132937000.0,13.050234779086303
USDA_RD,USDA (ARS + NIFA),2018,4,Jan,428026778.73,2132937000.0,20.067483415121966
USDA_RD,USDA (ARS + NIFA),2018,5,Feb,590997632.5699999,2132937000.0,27.708161683631534
USDA_RD,USDA (ARS + NIFA),2018,6,Mar (Q2),783400744.5,2132937000.0,36.72873340844104
USDA_RD,USDA (ARS + NIFA),2018,7,Apr,956398575.06,2132937000.0,44.83951354681361
USDA_RD,USDA (ARS + NIFA),2018,8,May,1160892411.0,2132937000.0,54.426943271179596
USDA_RD,USDA (ARS + NIFA),2018,9,Jun (Q3),1336423861.8899999,2132937000.0,62.65650893064352
USDA_RD,USDA (ARS + NIFA),2018,10,Jul,1536306281.05,2132937000.0,72.0277383274799
USDA_RD,USDA (ARS + NIFA),2018,11,Aug,1917258151.82,2132937000.0,89.8881754041493
USDA_RD,USDA (ARS + NIFA),2018,12,Sep (Q4),2372381621.51,2132937000.0,111.22605222329587
USDA_RD,USDA (ARS + NIFA),2019,2,Nov,186439901.74,2273915000.0,8.1990708421379
USDA_RD,USDA (ARS + NIFA),2019,3,Dec (Q1),290182808.22,2273915000.0,12.761374467383346
USDA_RD,USDA (ARS + NIFA),2019,6,Mar (Q2),743945275.09,2273915000.0,32.71649446395314
USDA_RD,USDA (ARS + NIFA),2019,7,Apr,920438302.56,2273915000.0,40.478131441148854
USDA_RD,USDA (ARS + NIFA),2019,8,May,1327784220.56,2273915000.0,58.39199005063953
USDA_RD,USDA (ARS + NIFA),2019,9,Jun (Q3),1473242002.2,2273915000.0,64.78878947542015
USDA_RD,USDA (ARS + NIFA),2019,10,Jul,1726694915.17,2273915000.0,75.93489269255888
USDA_RD,USDA (ARS + NIFA),2019,11,Aug,2055992926.97,2273915000.0,90.41643715662195
USDA_RD,USDA (ARS + NIFA),2019,12,Sep (Q4),2494478251.55,2273915000.0,109.69971399766483
USDA_RD,USDA (ARS + NIFA),2020,2,Nov,164176607.73,2427230000.0,6.763949346786253
USDA_RD,USDA (ARS + NIFA),2020,3,Dec (Q1),257781851.86999997,2427230000.0,10.62041305809503
USDA_RD,USDA (ARS + NIFA),2020,4,Jan,350909996.59999996,2427230000.0,14.457220642460747
USDA_RD,USDA (ARS + NIFA),2020,5,Feb,480203180.01,2427230000.0,19.783999868574465
USDA_RD,USDA (ARS + NIFA),2020,6,Mar (Q2),653587964.3199999,2427230000.0,26.92731897348005
USDA_RD,USDA (ARS + NIFA),2020,7,Apr,1032767947.9,2427230000.0,42.54924122971453
USDA_RD,USDA (ARS + NIFA),2020,8,May,1428365460.07,2427230000.0,58.84755297479018
USDA_RD,USDA (ARS + NIFA),2020,9,Jun (Q3),1737622614.4099998,2427230000.0,71.5887087095166
USDA_RD,USDA (ARS + NIFA),2020,10,Jul,2018755185.78,2427230000.0,83.1711533632989
USDA_RD,USDA (ARS + NIFA),2020,11,Aug,2330794455.6400003,2427230000.0,96.0269301071592
USDA_RD,USDA (ARS + NIFA),2020,12,Sep (Q4),2697729725.98,2427230000.0,111.14437964181391
USDA_RD,USDA (ARS + NIFA),2021,2,Nov,294543335.03,2567226000.0,11.473214085164297
USDA_RD,USDA (ARS + NIFA),2021,3,Dec (Q1),501509196.29,2567226000.0,19.53506221462388
USDA_RD,USDA (ARS + NIFA),2021,4,Jan,634150560.93,2567226000.0,24.701781647973338
USDA_RD,USDA (ARS + NIFA),2021,5,Feb,846416072.15,2567226000.0,32.97006465928594
USDA_RD,USDA (ARS + NIFA),2021,6,Mar (Q2),1046741849.87,2567226000.0,40.77326460038968
USDA_RD,USDA (ARS + NIFA),2021,7,Apr,1547777463.3,2567226000.0,60.289879554819095
USDA_RD,USDA (ARS + NIFA),2021,8,May,1701722646.1799998,2567226000.0,66.28643704060335
USDA_RD,USDA (ARS + NIFA),2021,9,Jun (Q3),1911572664.31,2567226000.0,74.46063043573102
USDA_RD,USDA (ARS + NIFA),2021,10,Jul,2103162340.55,2567226000.0,81.92353694415684
USDA_RD,USDA (ARS + NIFA),2021,11,Aug,2377011392.31,2567226000.0,92.59065591848945
USDA_RD,USDA (ARS + NIFA),2021,12,Sep (Q4),2928215921.8,2567226000.0,114.06147810126572
USDA_RD,USDA (ARS + NIFA),2022,2,Nov,335635810.19,3011540000.0,11.144989280899473
USDA_RD,USDA (ARS + NIFA),2022,3,Dec (Q1),590004316.21,3011540000.0,19.59144876740804
USDA_RD,USDA (ARS + NIFA),2022,4,Jan,773158484.8,3011540000.0,25.673193276529616
USDA_RD,USDA (ARS + NIFA),2022,5,Feb,889944752.95,3011540000.0,29.55115166824947
USDA_RD,USDA (ARS + NIFA),2022,6,Mar (Q2),1047748163.3599999,3011540000.0,34.79110897945901
USDA_RD,USDA (ARS + NIFA),2022,7,Apr,1246144435.26,3011540000.0,41.37897671158278
USDA_RD,USDA (ARS + NIFA),2022,8,May,1679516029.12,3011540000.0,55.7693415700937
USDA_RD,USDA (ARS + NIFA),2022,9,Jun (Q3),1942968603.1299999,3011540000.0,64.51744300690012
USDA_RD,USDA (ARS + NIFA),2022,10,Jul,2160106647.13,3011540000.0,71.72764257257084
USDA_RD,USDA (ARS + NIFA),2022,11,Aug,2489846983.8,3011540000.0,82.67686910351514
USDA_RD,USDA (ARS + NIFA),2022,12,Sep (Q4),2993506334.08,3011540000.0,99.40118125875797
USDA_RD,USDA (ARS + NIFA),2023,2,Nov,283652101.0,2880400000.0,9.847663553673101
USDA_RD,USDA (ARS + NIFA),2023,3,Dec (Q1),465615403.4,2880400000.0,16.164956374114706
USDA_RD,USDA (ARS + NIFA),2023,4,Jan,644416979.26,2880400000.0,22.37248226843494
USDA_RD,USDA (ARS + NIFA),2023,5,Feb,802976674.72,2880400000.0,27.87726269684766
USDA_RD,USDA (ARS + NIFA),2023,6,Mar (Q2),1121395682.35,2880400000.0,38.93194286731009
USDA_RD,USDA (ARS + NIFA),2023,7,Apr,1723331575.76,2880400000.0,59.829592270517985
USDA_RD,USDA (ARS + NIFA),2023,8,May,2256966332.15,2880400000.0,78.35600375468685
USDA_RD,USDA (ARS + NIFA),2023,9,Jun (Q3),2457462665.62,2880400000.0,85.31671523468962
USDA_RD,USDA (ARS + NIFA),2023,10,Jul,2721207596.9400005,2880400000.0,94.4732536085266
USDA_RD,USDA (ARS + NIFA),2023,11,Aug,3117048647.5299997,2880400000.0,108.2158258412026
USDA_RD,USDA (ARS + NIFA),2023,12,Sep (Q4),3638386158.15,2880400000.0,126.31530892063603
USDA_RD,USDA (ARS + NIFA),2024,2,Nov,259366614.29000002,2905613000.0,8.926399155358956
USDA_RD,USDA (ARS + NIFA),2024,3,Dec (Q1),388511784.14,2905613000.0,13.371078121553007
USDA_RD,USDA (ARS + NIFA),2024,4,Jan,544165739.1,2905613000.0,18.728087295176614
USDA_RD,USDA (ARS + NIFA),2024,5,Feb,873359125.8800001,2905613000.0,30.057654817761353
USDA_RD,USDA (ARS + NIFA),2024,6,Mar (Q2),1092460951.1399999,2905613000.0,37.59829513221478
USDA_RD,USDA (ARS + NIFA),2024,7,Apr,1293888671.4,2905613000.0,44.530660876035455
USDA_RD,USDA (ARS + NIFA),2024,8,May,1707465708.98,2905613000.0,58.7643884089175
USDA_RD,USDA (ARS + NIFA),2024,9,Jun (Q3),2087521457.78,2905613000.0,71.84444238720022
USDA_RD,USDA (ARS + NIFA),2024,10,Jul,2515585581.0700006,2905613000.0,86.57675957087199
USDA_RD,USDA (ARS + NIFA),2024,11,Aug,2929030085.1499996,2905613000.0,100.8059258115241
USDA_RD,USDA (ARS + NIFA),2024,12,Sep (Q4),3376721240.94,2905613000.0,116.213729802971
USDA_RD,USDA (ARS + NIFA),2025,2,Nov,264570510.55,2905613000.0,9.105497206613544
USDA_RD,USDA (ARS + NIFA),2025,3,Dec (Q1),513223958.83,2905613000.0,17.66319048097596
USDA_RD,USDA (ARS + NIFA),2025,4,Jan,691790664.02,2905613000.0,23.808768202097113
USDA_RD,USDA (ARS + NIFA),2025,5,Feb,799990528.73,2905613000.0,27.532590497426877
USDA_RD,USDA (ARS + NIFA),2025,6,Mar (Q2),1014176823.17,2905613000.0,34.9040571875883
USDA_RD,USDA (ARS + NIFA),2025,7,Apr,1162894488.9199998,2905613000.0,40.0223460219926
USDA_RD,USDA (ARS + NIFA),2025,8,May,1469027465.37,2905613000.0,50.55826310558219
USDA_RD,USDA (ARS + NIFA),2025,9,Jun (Q3),1630784038.4399998,2905613000.0,56.1253008724837
USDA_RD,USDA (ARS + NIFA),2025,10,Jul,1805943603.89,2905613000.0,62.153617976309995
USDA_RD,USDA (ARS + NIFA),2025,11,Aug,2057048194.6399999,2905613000.0,70.79567012675122
USDA_RD,USDA (ARS + NIFA),2025,12,Sep (Q4),2791005478.6599994,2905613000.0,96.05565086128122
USDA_RD,USDA (ARS + NIFA),2026,2,Nov,164312028.92000002,2909473000.0,5.647484232367855
USDA_RD,USDA (ARS + NIFA),2026,3,Dec (Q1),331937979.07,2909473000.0,11.408869546821709
USDA_RD,USDA (ARS + NIFA),2026,4,Jan,659939029.59,2909473000.0,22.682424947404563
