agency,source_type,latest_fy_day,latest_date,cumul_count,cumul_dollars,prior_year_count,prior_year_dollars,mean_count,mean_dollars
NIH,nih_reporter,359,2026-09-24,15523,9641641565.0,13022,8318199822.0,16350.444444444445,8285761968.555555
NIH_NCI,nih_reporter,359,2026-09-24,1855,1157722434.0,1488,889503739.0,1940.4444444444443,940129919.1851851
NIH_NHLBI,nih_reporter,353,2026-09-18,1355,911910465.0,1392,739396193.0,1542.3333333333333,779840782.925926
NIH_NIDCR,nih_reporter,358,2026-09-23,295,136444517.0,241,113451241.0,268.6666666666667,95246047.55555555
NIH_NIDDK,nih_reporter,357,2026-09-22,971,576115400.0,780,535309787.0,1096.888888888889,479978469.40740746
NIH_NINDS,nih_reporter,356,2026-09-21,1075,583613333.0,948,542736711.0,1233.111111111111,622064316.4444444
NIH_NIAID,nih_reporter,358,2026-09-23,2272,1267513389.0,1708,1055947698.0,1856.3333333333333,1000883411.3333334
NIH_NIGMS,nih_reporter,352,2026-09-17,1669,955061743.0,1414,812311297.0,1567.888888888889,656166935.2407407
NIH_NICHD,nih_reporter,358,2026-09-23,777,366134351.0,692,350951167.0,803.6666666666666,312281883.3888889
NIH_NEI,nih_reporter,352,2026-09-17,356,188676916.0,352,173320679.0,432.1111111111111,161899035.30555555
NIH_NIEHS,nih_reporter,358,2026-09-23,233,179574919.0,252,179894051.0,290.44444444444446,117018583.72222222
NIH_NIA,nih_reporter,353,2026-09-18,1371,1148053499.0,816,837895451.0,1169.7777777777778,845322554.8518519
NIH_NIAMS,nih_reporter,359,2026-09-24,370,186963065.0,309,166409085.0,397.8888888888889,142524422.74074075
NIH_NIDCD,nih_reporter,354,2026-09-19,277,134651399.0,269,119404973.0,303.3333333333333,101803219.34814815
NIH_NIMH,nih_reporter,356,2026-09-21,707,401556928.0,507,358625050.5,903.6666666666666,475417064.1481481
NIH_NIDA,nih_reporter,351,2026-09-16,530,284186831.0,521,310245717.0,527.6666666666666,258326692.79629627
NIH_NIAAA,nih_reporter,353,2026-09-18,262,144476506.0,144,84268000.0,270.22222222222223,87030960.8888889
NIH_NINR,nih_reporter,354,2026-09-19,86,69680750.0,42,35228930.0,86.66666666666667,30851478.885714285
NIH_NHGRI,nih_reporter,352,2026-09-17,105,162544297.0,74,65917737.0,138.11111111111111,93702822.22222222
NIH_NIBIB,nih_reporter,351,2026-09-16,298,135525648.0,250,122062454.75,251.55555555555554,91803435.77777779
NIH_NIMHD,nih_reporter,352,2026-09-17,106,73968907.0,44,51251291.0,103.33333333333333,55988569.41111111
NIH_NCCIH,nih_reporter,359,2026-09-24,113,77591307.0,57,51123959.0,88.33333333333333,38851541.287037045
NIH_NCATS,nih_reporter,352,2026-09-17,129,164651418.0,101,113259693.5,111.11111111111111,140711676.60449734
NIH_NLM,nih_reporter,354,2026-09-19,52,25386437.0,32,20893500.0,55.333333333333336,20603185.4819224
NIH_FIC,nih_reporter,343,2026-09-08,53,16094747.0,43,14299567.666666666,61.111111111111114,13854481.476322751
NIH_OD,nih_reporter,353,2026-09-18,206,293542359.0,271,328389595.0,238.66666666666666,279311607.8518519
NSF,nsf_awards,358,2026-09-23,6244,3529457121.0,8816,4477019646.0,11380.888888888889,4376978798.481482
NSF_ENG,nsf_awards,357,2026-09-22,1091,493929632.0,1534,662852108.0,1779.0,642627861.4537036
NSF_MPS,nsf_awards,357,2026-09-22,1539,644178042.0,2079,812947248.0,2456.4444444444443,788087339.7777778
NSF_GEO,nsf_awards,357,2026-09-22,638,319702213.0,891,605318959.0,1272.0,449878398.35555553
NSF_CISE,nsf_awards,358,2026-09-23,1019,519403520.0,1385,626243064.0,1909.4444444444443,714028298.6481482
NSF_BIO,nsf_awards,351,2026-09-16,567,394345171.0,747,443714994.8,1142.5555555555557,514281155.93341756
NSF_SBE,nsf_awards,358,2026-09-23,102,59607277.0,477,117160795.0,879.0,190669567.05555555
NSF_EDU_AWD,nsf_awards,357,2026-09-22,619,548589299.0,733,660023608.0,1091.2222222222222,734726717.4814814
NSF_IA,nsf_awards,330,2026-08-26,149,157607107.0,138,132373294.0,60.77777777777778,55033366.74785575
NSF_TIP,nsf_awards,357,2026-09-22,515,371103294.0,781,391085700.0,756.2222222222222,265354613.8703704
DOE_SC,usaspending,359,2026-09-24,0,511922944.92,0,454988987.61399996,0.0,431057559.81440747
NASA_SCI,usaspending,355,2026-09-20,0,290046468.71000004,0,318613970.9866666,0.0,241883636.5611852
USDA_RD,usaspending,353,2026-09-18,0,383295004.51,0,185940987.792,0.0,315553784.26062965
DOE_SC_SCI,usaspending,357,2026-09-22,0,211056193.92000002,0,348887086.10866666,0.0,249726933.06907403
DOE_ARPA_E,usaspending,359,2026-09-24,0,300866751.0,0,87651598.2,0.0,257896331.03611112
USDA_NIFA,usaspending,353,2026-09-18,0,383295004.51,0,185191223.792,0.0,315498270.92729634
